date,Afghanistan,Albania,Algeria,Andorra,Angola,Antarctica,Antigua and Barbuda,Argentina,Armenia,Australia,Austria,Azerbaijan,Bahamas,Bahrain,Bangladesh,Barbados,Belarus,Belgium,Belize,Benin,Bhutan,Bolivia,Bosnia,Botswana,Brazil,Brunei,Bulgaria,Burkina Faso,Burma,Burundi,Cabo Verde,Cambodia,Cameroon,Canada,Central African Republic,Chad,Chile,China,Colombia,Comoros,Congo,Costa Rica,Croatia,Cuba,Cyprus,Czechia,CÃ´te d'Ivoire,DRC,Denmark,Diamond Princess,Djibouti,Dominica,Dominican Republic,Ecuador,Egypt,El Salvador,Equatorial Guinea,Eritrea,Estonia,Ethiopia,Fiji,Finland,France,Gabon,Gambia,Georgia,Germany,Ghana,Greece,Grenada,Guatemala,Guinea,Guinea-Bissau,Guyana,Haiti,Holy See,Honduras,Hungary,Iceland,India,Indonesia,Iran,Iraq,Ireland,Israel,Italy,Jamaica,Japan,Jordan,Kazakhstan,Kenya,Kiribati,Kosovo,Kuwait,Kyrgyzstan,Lao People's Democratic Republic,Latvia,Lebanon,Lesotho,Liberia,Libyan Arab Jamahiriya,Liechtenstein,Lithuania,Luxembourg,MS Zaandam,Macedonia,Madagascar,Malawi,Malaysia,Maldives,Mali,Malta,Marshall Islands,Mauritania,Mauritius,Mexico,Micronesia,Moldova,Monaco,Mongolia,Montenegro,Morocco,Mozambique,N. Korea,Namibia,Nauru,Nepal,Netherlands,New Zealand,Nicaragua,Niger,Nigeria,Norway,Oman,Pakistan,Palau,Panama,Papua New Guinea,Paraguay,Peru,Philippines,Poland,Portugal,Qatar,Romania,Russia,Rwanda,S. Korea,Saint Kitts and Nevis,Saint Lucia,Saint Vincent and the Grenadines,Samoa,San Marino,Sao Tome and Principe,Saudi Arabia,Senegal,Serbia,Seychelles,Sierra Leone,Singapore,Slovakia,Slovenia,Solomon Islands,Somalia,South Africa,South Sudan,Spain,Sri Lanka,Sudan,Summer Olympics 2020,Suriname,Swaziland,Sweden,Switzerland,Syrian Arab Republic,Taiwan,Tajikistan,Tanzania,Thailand,Timor-Leste,Togo,Tonga,Trinidad and Tobago,Tunisia,Turkey,Tuvalu,UAE,UK,USA,Uganda,Ukraine,Uruguay,Uzbekistan,Vanuatu,Venezuela,Vietnam,West Bank and Gaza,Winter Olympics 2022,Yemen,Zambia,Zimbabwe
2023-02-08,208771.0,334222.0,271403.0,47850.0,105184.0,11.0,9106.0,10040329.0,446309.0,1414113.0,5812712.0,828137.0,37491.0,700835.0,2037647.0,106434.0,994037.0,4695403.0,70697.0,27990.0,62608.0,1190262.0,401444.0,329494.0,36897683.0,276825.0,1295748.0,22025.0,633850.0,53574.0,63235.0,138700.0,123993.0,285947.0,15368.0,7652.0,5132118.0,144221.0294117647,6355637.0,8992.0,25073.0,1190377.0,1268018.0,1112501.0,644160.0,4593277.0,88026.0,95585.0,1149184.3333333333,712.0,15690.0,15760.0,660339.0,1052007.0,515666.0,201785.0,17212.0,10189.0,614215.0,499714.0,68848.0,1459198.0,3313084.0,48981.0,12586.0,1818861.0,37879714.0,171140.0,5548487.0,19680.0,1230550.0,38240.0,8947.0,73003.0,34076.0,29.0,471224.0,2193272.0,208839.0,44684973.0,6731959.0,7565144.0,2465545.0,1701617.0,4789863.0,25488166.0,153629.0,32868798.0,1746997.0,1496549.0,342817.0,5008.0,272662.0,662858.0,206599.0,217992.0,975524.0,1229771.0,34790.0,8065.0,507166.0,21372.0,1298880.0,315173.0,9.0,346533.0,67842.0,88559.0,5038543.0,185721.0,32814.0,117166.0,15584.0,63667.0,294915.0,7390902.0,22676.0,599578.0,16092.0,1007884.0,286674.0,1272310.0,232819.0,1.0,170741.0,4621.0,1001109.0,1739534.6,732994.0,15612.0,9508.0,266463.0,1478208.0,399449.0,1576443.0,5987.0,1030214.0,46750.0,806662.0,4483036.0,4074095.0,6385880.0,5564925.0,492887.0,3327805.0,21713101.0,133090.0,30311979.0,6592.0,29882.0,9587.0,16109.0,23468.0,6280.0,828356.0,88902.0,2477183.0,50665.0,7760.0,2220534.0,2661781.0,1323146.0,24575.0,27322.0,4057211.0,18368.0,13740531.0,672004.0,63759.0,865.0,82227.0,74143.0,2694893.0,4408833.0,57453.0,9733094.0,17786.0,42717.0,4727236.0,23416.0,39358.0,16779.0,187908.0,1150477.0,17042722.0,2805.0,1050000.0,1635124.4,102760211.0,170400.0,5682835.0,1033265.0,250702.0,12014.0,551666.0,11526610.0,703228.0,535.0,11945.0,341936.0,263083.0
2023-02-09,208771.0,334229.0,271406.0,47860.0,105184.0,11.0,9106.0,10040329.0,446332.0,1415987.5,5812712.0,828174.0,37491.0,700835.0,2037655.0,106434.0,994037.0,4700949.0,70697.0,27990.0,62608.0,1190511.0,401465.0,329494.0,36905201.0,276825.0,1295789.0,22025.0,633859.0,53574.0,63235.0,138700.0,123993.0,286144.125,15368.0,7652.0,5133941.0,144221.0588235294,6355637.0,8992.0,25073.0,1190377.0,1268067.0,1112502.0,644160.0,4593923.0,88037.0,95585.0,1149240.0,712.0,15690.0,15760.0,660339.0,1052007.0,515666.0,201785.0,17212.0,10189.0,614215.0,499738.0,68864.0,1460857.0,3313389.6666666665,48981.0,12586.0,1818861.0,37893892.0,171140.0,5548487.0,19680.0,1230934.0,38240.0,8947.0,73003.0,34076.0,29.0,471224.0,2193272.0,208839.0,44685087.0,6732179.0,7565253.0,2465545.0,1701617.0,4790244.0,25488166.0,153905.0,32901767.0,1746997.0,1496549.0,342817.0,5008.0,272675.0,662858.0,206599.0,217998.0,975556.0,1229915.0,34790.0,8065.0,507166.0,21372.0,1299273.0,315268.0,9.0,346533.0,67842.0,88559.0,5038812.0,185721.0,32818.0,117166.0,15584.0,63667.0,294915.0,7400848.0,22676.0,599578.0,16095.0,1007886.0,286729.0,1272323.0,232819.0,1.0,170741.0,4815.0,1001110.0,1739542.2,732994.0,15612.0,9508.0,266463.0,1478247.0,399449.0,1576464.0,5987.0,1030214.0,46776.0,806662.0,4483236.0,4074299.0,6387048.0,5564925.0,492925.0,3327805.0,21725309.0,133090.0,30325483.0,6592.0,29882.0,9587.0,16109.0,23468.0,6280.0,828410.0,88902.0,2477970.0,50665.0,7760.0,2220999.0,2661944.0,1323216.0,24575.0,27322.0,4057211.0,18368.0,13740531.0,672005.0,63759.0,865.0,82227.0,74143.0,2696168.0,4408833.0,57453.0,9754006.0,17786.0,42717.0,4727236.0,23416.0,39358.0,16795.0,187908.0,1150477.0,17042722.0,2805.0,1050127.0,1636606.4666666666,102842061.0,170400.0,5686636.0,1033265.0,250717.0,12014.0,551673.0,11526627.0,703228.0,535.0,11945.0,342114.0,263083.0
2023-02-10,208943.0,334229.0,271406.0,47860.0,105184.0,11.0,9106.0,10040329.0,446332.0,1416292.75,5812695.0,828195.0,37491.0,700835.0,2037664.0,106434.0,994037.0,4700949.0,70697.0,27990.0,62608.0,1190511.0,401472.0,329494.0,36917623.0,276825.0,1295789.0,22025.0,633863.0,53574.0,63235.0,138703.0,123993.0,286196.0625,15368.0,7652.0,5135705.0,144221.0588235294,6355637.0,8992.0,25073.0,1190377.0,1268131.0,1112502.0,645515.0,4594497.0,88037.0,95585.0,1149285.3333333333,712.0,15690.0,15760.0,660412.0,1052007.0,515666.0,201785.0,17212.0,10189.0,614215.0,499738.0,68864.0,1460857.0,3313670.1666666665,48981.0,12586.0,1818861.0,37893892.0,171140.0,5548487.0,19680.0,1231507.0,38240.0,8947.0,73003.0,34076.0,29.0,471224.0,2193272.0,208839.0,44683862.0,6732418.0,7565367.0,2465545.0,1701617.0,4790574.0,25519067.0,153905.0,32930382.0,1746997.0,1496549.0,342817.0,5008.0,272684.0,662858.0,206599.0,217998.0,975590.0,1229915.0,34790.0,8065.0,507166.0,21372.0,1299616.0,315352.0,9.0,346533.0,67842.0,88559.0,5039067.0,185721.0,32818.0,117166.0,15590.0,63667.0,294915.0,7400848.0,23671.0,599578.0,16095.0,1007888.0,286729.0,1272323.0,232819.0,1.0,170741.0,4815.0,1001113.0,1739811.6,732994.0,15612.0,9508.0,266463.0,1478247.0,399449.0,1576464.0,5987.0,1030214.0,46776.0,806662.0,4483236.0,4074339.0,6388226.0,5565479.0,492925.0,3327805.0,21737602.0,133090.0,30325483.0,6592.0,29882.0,9587.0,16109.0,23468.0,6280.0,828456.0,88902.0,2477970.0,50665.0,7760.0,2221438.0,2662097.0,1323445.0,24575.0,27322.0,4057211.0,18368.0,13748918.0,672005.0,63759.0,865.0,82227.0,74143.0,2696168.0,4408833.0,57453.0,9773627.0,17786.0,42717.0,4727236.0,23416.0,39358.0,16795.0,187908.0,1150477.0,17042722.0,2805.0,1050241.0,1636606.4666666666,102855101.0,170400.0,5686735.0,1033265.0,250743.0,12014.0,551673.0,11526640.0,703228.0,535.0,11945.0,342114.0,263083.0
2023-02-11,208971.0,334234.0,271409.0,47860.0,105184.0,11.0,9106.0,10040329.0,446332.0,1416292.75,5821526.0,828210.0,37491.0,700835.0,2037664.0,106434.0,994037.0,4700949.0,70697.0,27990.0,62608.0,1190700.0,401472.0,329494.0,36930339.0,276825.0,1295829.0,22025.0,633864.0,53574.0,63235.0,138703.0,123993.0,286226.9375,15368.0,7652.0,5137305.0,144221.08823529413,6355637.0,8992.0,25073.0,1190377.0,1268185.0,1112507.0,645515.0,4595191.0,88046.0,95585.0,1149285.3333333333,712.0,15690.0,15760.0,660412.0,1052007.0,515666.0,201785.0,17212.0,10189.0,614215.0,499749.0,68864.0,1460857.0,3313670.1666666665,48981.0,12586.0,1818861.0,37907312.0,171140.0,5548487.0,19680.0,1231507.0,38240.0,8947.0,73032.0,34076.0,29.0,471224.0,2193272.0,208839.0,44685219.0,6732618.0,7565367.0,2465545.0,1701617.0,4790765.0,25519067.0,153905.0,32957753.0,1746997.0,1496549.0,342817.0,5008.0,272702.0,662858.0,206599.0,217998.0,975590.0,1229915.0,34790.0,8065.0,507166.0,21372.0,1299922.0,315352.0,9.0,346533.0,67842.0,88559.0,5039326.0,185721.0,32826.0,117166.0,15590.0,63667.0,294915.0,7400848.0,23671.0,599578.0,16095.0,1007888.0,286796.0,1272328.0,232819.0,1.0,170741.0,4815.0,1001113.0,1739811.6,732994.0,15612.0,9508.0,266463.0,1478287.0,399449.0,1576464.0,5987.0,1030214.0,46776.0,806790.0,4483443.0,4074563.0,6389572.0,5565479.0,492925.0,3327805.0,21750311.0,133090.0,30350199.0,6593.0,29882.0,9587.0,16109.0,23468.0,6280.0,828486.0,88902.0,2478730.0,50665.0,7760.0,2221762.0,2662257.0,1323687.0,24575.0,27322.0,4057211.0,18368.0,13748918.0,672007.0,63759.0,865.0,82227.0,74143.0,2696168.0,4408833.0,57453.0,9791908.0,17786.0,42717.0,4727236.0,23416.0,39358.0,16795.0,188199.0,1150477.0,17042722.0,2805.0,1050330.0,1636606.4666666666,102859510.0,170400.0,5686871.0,1033265.0,250743.0,12014.0,551673.0,11526651.0,703228.0,535.0,11945.0,342288.0,263083.0
2023-02-12,208982.0,334255.0,271409.0,47860.0,105184.0,11.0,9106.0,10040329.0,446332.0,1416292.75,5829303.0,828229.0,37491.0,700835.0,2037679.0,106434.0,994037.0,4700949.0,70697.0,27990.0,62608.0,1191090.0,401472.0,329494.0,36932830.0,276825.0,1295870.0,22025.0,633866.0,53574.0,63235.0,138704.0,123993.0,286252.8125,15368.0,7652.0,5138732.0,144221.08823529413,6355637.0,8992.0,25073.0,1190377.0,1268224.0,1112516.0,645515.0,4595326.0,88063.0,95585.0,1149285.3333333333,712.0,15690.0,15760.0,660412.0,1052007.0,515666.0,201785.0,17212.0,10189.0,614215.0,499765.0,68864.0,1460857.0,3313670.1666666665,48981.0,12586.0,1818861.0,37907312.0,171152.0,5548487.0,19680.0,1231970.0,38240.0,8947.0,73032.0,34076.0,29.0,471224.0,2193272.0,208839.0,44685425.0,6732799.0,7565552.0,2465545.0,1701617.0,4791163.0,25519067.0,153905.0,32971493.0,1746997.0,1496549.0,342817.0,5008.0,272710.0,662858.0,206599.0,217999.0,975590.0,1230141.0,34790.0,8065.0,507166.0,21372.0,1299971.0,315352.0,9.0,346533.0,67849.0,88559.0,5039486.0,185721.0,32833.0,117166.0,15590.0,63667.0,294915.0,7400848.0,23671.0,599578.0,16095.0,1007888.0,286867.0,1272335.0,232819.0,1.0,170741.0,4815.0,1001115.0,1739811.6,735782.0,15612.0,9508.0,266463.0,1478328.0,399449.0,1576538.0,5987.0,1030214.0,46776.0,806790.0,4483729.0,4074691.0,6389741.0,5565479.0,492966.0,3327805.0,21762542.0,133090.0,30355373.0,6593.0,29882.0,9587.0,16109.0,23468.0,6280.0,828525.0,88902.0,2479663.0,50665.0,7760.0,2222006.0,2662318.0,1323752.0,24575.0,27322.0,4057211.0,18368.0,13748918.0,672009.0,63759.0,865.0,82227.0,74158.0,2696168.0,4408833.0,57453.0,9809098.0,17786.0,42717.0,4727628.0,23416.0,39362.0,16795.0,188199.0,1150477.0,17042722.0,2805.0,1050402.0,1636606.4666666666,102862879.0,170400.0,5686987.0,1033265.0,250743.0,12014.0,551720.0,11526692.0,703228.0,535.0,11945.0,342288.0,263083.0
2023-02-13,209011.0,334255.0,271409.0,47860.0,105184.0,11.0,9106.0,10042136.0,446332.0,1416292.75,5832119.0,828235.0,37491.0,700835.0,2037688.0,106434.0,994037.0,4700949.0,70721.0,27990.0,62611.0,1191172.0,401472.0,329595.0,36953492.0,276825.0,1295958.0,22056.0,633867.0,53574.0,63235.0,138705.0,123993.0,286348.3125,15368.0,7661.0,5139804.0,144221.08823529413,6355637.0,8992.0,25073.0,1190377.0,1268232.0,1112523.0,645515.0,4595426.0,88064.0,95646.0,1149399.6666666667,712.0,15690.0,15760.0,660429.0,1052007.0,515698.0,201785.0,17212.0,10189.0,614215.0,499782.0,68864.0,1460857.0,3314200.3333333335,48981.0,12586.0,1818861.0,37928944.0,171152.0,5548487.0,19680.0,1231988.0,38240.0,8953.0,73032.0,34076.0,29.0,471224.0,2193272.0,208839.0,44685499.0,6732968.0,7565678.0,2465545.0,1701617.0,4791731.0,25519067.0,153905.0,32980916.0,1746997.0,1497449.0,342849.0,5008.0,272713.0,662858.0,206611.0,218000.0,975649.0,1230268.0,34790.0,8065.0,507170.0,21372.0,1300014.0,315412.0,9.0,346533.0,67849.0,88600.0,5039650.0,185723.0,32833.0,117166.0,15590.0,63667.0,295161.0,7400848.0,23671.0,599578.0,16097.0,1007890.0,286966.0,1272339.0,232819.0,1.0,171059.0,4815.0,1001116.0,1739811.6,735782.6666666666,15612.0,9508.0,266463.0,1478395.0,399449.0,1576551.0,5988.0,1030658.0,46776.0,806790.0,4483729.0,4074838.0,6389941.0,5565479.0,492966.0,3331005.0,21773482.0,133148.0,30369744.0,6594.0,29882.0,9587.0,16402.0,23468.0,6280.0,828595.0,88906.0,2480488.0,50665.0,7760.0,2222006.0,2662353.0,1323816.0,24575.0,27322.0,4058966.0,18368.0,13748918.0,672012.0,63775.0,865.0,82227.0,74158.0,2696168.0,4408833.0,57453.0,9821755.0,17786.0,42717.0,4727628.0,23417.0,39362.0,16795.0,188199.0,1150477.0,17042722.0,2805.0,1050402.0,1636606.4666666666,102886005.0,170464.0,5687053.0,1033265.0,250799.0,12014.0,551801.0,11526704.0,703228.0,535.0,11945.0,342317.0,263083.0
2023-02-14,209036.0,334264.0,271409.0,47860.0,105184.0,11.0,9106.0,10042136.0,446332.0,1416292.75,5837337.0,828251.0,37491.0,700835.0,2037703.0,106434.0,994037.0,4700949.0,70721.0,27990.0,62611.0,1191342.0,401499.0,329595.0,36953492.0,277441.0,1296009.0,22056.0,633870.0,53574.0,63237.0,138705.0,123993.0,286408.125,15368.0,7661.0,5140809.0,144221.08823529413,6355637.0,8992.0,25073.0,1194584.0,1268287.0,1112525.0,645515.0,4596830.0,88078.0,95646.0,1149451.3333333333,712.0,15690.0,15760.0,660485.0,1056578.0,515698.0,201785.0,17212.0,10189.0,614526.0,499794.0,68864.0,1460857.0,3314615.8333333335,48981.0,12586.0,1818861.0,37949446.0,171152.0,5548487.0,19680.0,1232417.0,38240.0,8953.0,73052.0,34076.0,29.0,471224.0,2193272.0,208921.0,44685601.0,6733215.0,7565865.0,2465545.0,1701617.0,4792484.0,25519067.0,154065.0,33012986.0,1746997.0,1497449.0,342849.0,5012.0,272724.0,662858.0,206611.0,218001.0,975683.0,1230268.0,34790.0,8065.0,507170.0,21374.0,1300592.0,315528.0,9.0,346733.0,67849.0,88600.0,5039850.0,185723.0,32843.0,117248.0,15590.0,63667.0,295161.0,7410093.0,23671.0,600916.0,16103.0,1007890.0,287070.0,1272344.0,232819.0,1.0,171059.0,5121.0,1001118.0,1740121.0,735782.6666666666,15612.0,9508.0,266463.0,1478434.0,399449.0,1576572.0,5988.0,1030658.0,46792.0,806790.0,4484029.0,4074821.0,6392257.0,5566314.0,492966.0,3331005.0,21783243.0,133148.0,30384701.0,6595.0,29882.0,9589.0,16402.0,23494.0,6280.0,828662.0,88906.0,2481396.0,50665.0,7760.0,2222006.0,2662668.0,1324306.0,24575.0,27324.0,4059348.0,18368.0,13748918.0,672015.0,63775.0,865.0,82227.0,74158.0,2696168.0,4409828.0,57461.0,9842257.0,17786.0,42717.0,4727628.0,23417.0,39362.0,16795.0,188511.0,1150606.0,17042722.0,2805.0,1050549.0,1636607.4666666666,102934224.0,170464.0,5687118.0,1033766.0,250799.0,12014.0,551804.0,11526754.0,703228.0,535.0,11945.0,342317.0,263083.0
2023-02-15,209056.0,334264.0,271421.0,47860.0,105184.0,11.0,9106.0,10042136.0,446332.0,1416292.75,5843614.0,828275.0,37491.0,700835.0,2037716.0,106434.0,994037.0,4700949.0,70721.0,27990.0,62611.0,1191492.0,401510.0,329595.0,36971440.0,277441.0,1296071.0,22056.0,633875.0,53609.0,63237.0,138705.0,123993.0,286470.5625,15368.0,7661.0,5142449.0,144221.17647058822,6356468.0,8997.0,25073.0,1194584.0,1268373.0,1112532.0,645515.0,4597987.0,88091.0,95646.0,1149501.0,712.0,15690.0,15760.0,660485.0,1056578.0,515698.0,201785.0,17214.0,10189.0,614548.0,499823.0,68864.0,1460857.0,3314947.75,48981.0,12586.0,1822045.0,37970357.0,171152.0,5548487.0,19680.0,1232685.0,38267.0,8953.0,73052.0,34076.0,29.0,471224.0,2194102.0,208921.0,44685727.0,6733478.0,7566043.0,2465545.0,1702523.0,4792601.0,25519067.0,154065.0,33041758.0,1746997.0,1497449.0,342874.0,5012.0,272757.0,662858.0,206611.0,218006.0,975716.0,1230463.0,34790.0,8065.0,507170.0,21387.0,1300959.0,315590.0,9.0,346733.0,67849.0,88640.0,5040087.0,185723.0,32854.0,117248.0,15590.0,63667.0,295161.0,7414918.0,23671.0,600916.0,16104.0,1007890.0,287161.0,1272353.0,232819.0,1.0,171059.0,5121.0,1001121.0,1740121.0,735782.6666666666,15627.0,9508.0,266463.0,1478489.0,399449.0,1576603.0,5988.0,1030658.0,46792.0,806790.0,4484173.0,4075049.0,6394131.0,5566314.0,493198.0,3331005.0,21796612.0,133170.0,30397220.0,6596.0,29882.0,9589.0,16402.0,23494.0,6280.0,828729.0,88910.0,2482090.0,50665.0,7760.0,2222006.0,2662918.0,1324603.0,24575.0,27324.0,4059348.0,18368.0,13748918.0,672016.0,63775.0,865.0,82227.0,74158.0,2696168.0,4409828.0,57461.0,9862108.0,17786.0,42775.0,4727628.0,23418.0,39362.0,16795.0,188511.0,1150606.0,17042722.0,2805.0,1050621.0,1636612.3333333333,103023231.0,170464.0,5692468.0,1033766.0,250829.0,12014.0,551874.0,11526773.0,703228.0,535.0,11945.0,342317.0,263642.0
2023-02-16,209072.0,334273.0,271424.0,47866.0,105184.0,11.0,9106.0,10042136.0,446332.0,1417929.125,5849332.0,828292.0,37491.0,700835.0,2037730.0,106434.0,994037.0,4700949.0,70721.0,27990.0,62611.0,1191693.0,401516.0,329595.0,36970513.0,277441.0,1296119.0,22056.0,633877.0,53609.0,63237.0,138705.0,123993.0,286848.0625,15368.0,7661.0,5144220.0,144221.17647058822,6356468.0,8997.0,25073.0,1194584.0,1268452.0,1112535.0,645515.0,4599042.0,88091.0,95646.0,1149543.3333333333,712.0,15690.0,15760.0,660492.0,1056578.0,515698.0,201785.0,17214.0,10189.0,614548.0,499833.0,68876.0,1461583.0,3315282.8333333335,48981.0,12586.0,1822045.0,37986750.0,171152.0,5548487.0,19680.0,1233173.0,38267.0,8953.0,73052.0,34143.0,29.0,471557.0,2194102.0,208921.0,44685884.0,6733697.0,7566265.0,2465545.0,1702523.0,4793234.0,25519067.0,154065.0,33063105.0,1746997.0,1497449.0,342874.0,5012.0,272788.0,662858.0,206611.0,218006.0,975738.0,1230569.0,34790.0,8065.0,507170.0,21387.0,1301338.0,315680.0,9.0,346733.0,67849.0,88640.0,5040368.0,185723.0,32868.0,117248.0,15598.0,63667.0,295161.0,7414918.0,23671.0,600916.0,16104.0,1007895.0,287244.0,1272361.0,232819.0,1.0,171059.0,5121.0,1001125.0,1740121.0,735782.6666666666,15627.0,9508.0,266463.0,1478536.0,399449.0,1576640.0,5988.0,1030658.0,46792.0,806790.0,4484362.0,4075073.0,6396106.0,5566708.0,493259.0,3331005.0,21811276.0,133170.0,30408656.0,6596.0,29882.0,9589.0,16402.0,23494.0,6280.0,828793.0,88910.0,2482671.0,50665.0,7760.0,2222006.0,2663109.0,1324871.0,24575.0,27324.0,4060077.0,18368.0,13748918.0,672017.0,63775.0,865.0,82227.0,74158.0,2697159.0,4409828.0,57461.0,9878848.0,17786.0,42775.0,4727628.0,23418.0,39364.0,16801.0,188511.0,1150606.0,17042722.0,2805.0,1050736.0,1638321.1333333333,103083910.0,170464.0,5692544.0,1033766.0,250850.0,12014.0,551886.0,11526786.0,703228.0,535.0,11945.0,342317.0,263642.0
2023-02-17,209083.0,334291.0,271424.0,47866.0,105184.0,11.0,9106.0,10042136.0,446332.0,1418462.25,5854661.0,828320.0,37491.0,700835.0,2037738.0,106434.0,994037.0,4708273.0,70721.0,27990.0,62611.0,1191892.0,401527.0,329595.0,36970513.0,277441.0,1296164.0,22056.0,633877.0,53609.0,63238.0,138706.0,123993.0,286899.6875,15368.0,7661.0,5146020.0,144221.17647058822,6356468.0,8997.0,25073.0,1194584.0,1268501.0,1112541.0,647031.0,4599931.0,88098.0,95646.0,1149582.3333333333,712.0,15690.0,15760.0,660492.0,1056578.0,515698.0,201785.0,17214.0,10189.0,614548.0,499849.0,68876.0,1461583.0,3315581.9166666665,48981.0,12586.0,1822045.0,38002114.0,171152.0,5548487.0,19680.0,1233579.0,38267.0,8953.0,73052.0,34143.0,29.0,471557.0,2194102.0,208921.0,44686001.0,6733912.0,7566265.0,2465545.0,1702523.0,4793720.0,25547414.0,154065.0,33081711.0,1746997.0,1497449.0,342874.0,5012.0,272809.0,662858.0,206611.0,218006.0,975767.0,1230682.0,34790.0,8065.0,507170.0,21387.0,1301374.0,315778.0,9.0,346733.0,67849.0,88640.0,5040609.0,185723.0,32884.0,117248.0,15598.0,63667.0,295161.0,7414918.0,23671.0,600916.0,16104.0,1007895.0,287318.0,1272366.0,232819.0,1.0,171059.0,5121.0,1001130.0,1740482.2,735782.6666666666,15627.0,9508.0,266463.0,1478584.0,399449.0,1576640.0,5988.0,1030658.0,46792.0,807453.0,4484531.0,4075259.0,6398027.0,5566708.0,493259.0,3331005.0,21826514.0,133170.0,30419297.0,6596.0,29882.0,9589.0,16402.0,23521.0,6280.0,828842.0,88910.0,2483550.0,50665.0,7760.0,2222006.0,2663276.0,1325147.0,24575.0,27324.0,4060349.0,18368.0,13755956.0,672018.0,63775.0,865.0,82227.0,74158.0,2697159.0,4409828.0,57461.0,9894283.0,17786.0,42775.0,4727628.0,23418.0,39364.0,16801.0,188511.0,1150606.0,17042722.0,2805.0,1050824.0,1638321.1333333333,103131898.0,170464.0,5692665.0,1033766.0,250873.0,12014.0,551904.0,11526799.0,703228.0,535.0,11945.0,342317.0,263642.0
2023-02-18,209084.0,334305.0,271425.0,47866.0,105184.0,11.0,9106.0,10042136.0,446332.0,1418462.25,5859240.0,828338.0,37491.0,700835.0,2037738.0,106434.0,994037.0,4708273.0,70721.0,27990.0,62611.0,1191892.0,401527.0,329595.0,36987682.0,277441.0,1296189.0,22056.0,633884.0,53609.0,63238.0,138706.0,123993.0,286925.5,15368.0,7661.0,5147683.0,144221.20588235295,6356468.0,8997.0,25073.0,1194584.0,1268561.0,1112543.0,647031.0,4600939.0,88109.0,95646.0,1149582.3333333333,712.0,15690.0,15760.0,660492.0,1056578.0,515698.0,201785.0,17214.0,10189.0,614548.0,499859.0,68876.0,1461583.0,3315581.9166666665,48981.0,12586.0,1822045.0,38002114.0,171160.0,5548487.0,19680.0,1233953.0,38267.0,8953.0,73052.0,34143.0,29.0,471557.0,2194102.0,208921.0,44686143.0,6734102.0,7566311.0,2465545.0,1702523.0,4793976.0,25547414.0,154065.0,33098835.0,1746997.0,1497449.0,342874.0,5012.0,272829.0,662858.0,206611.0,218006.0,975767.0,1230682.0,34790.0,8065.0,507170.0,21387.0,1301808.0,315778.0,9.0,346733.0,67849.0,88640.0,5040821.0,185723.0,32895.0,117248.0,15598.0,63667.0,295161.0,7414918.0,23671.0,600916.0,16104.0,1007895.0,287421.0,1272371.0,232819.0,1.0,171059.0,5121.0,1001133.0,1740482.2,735782.6666666666,15627.0,9508.0,266463.0,1478609.0,399449.0,1576640.0,5988.0,1030658.0,46792.0,807453.0,4484651.0,4075324.0,6400052.0,5566708.0,493259.0,3331005.0,21841651.0,133170.0,30429571.0,6596.0,29882.0,9589.0,16402.0,23521.0,6280.0,828874.0,88910.0,2484269.0,50665.0,7760.0,2222006.0,2663541.0,1325421.0,24575.0,27324.0,4060349.0,18368.0,13755956.0,672018.0,63775.0,865.0,82227.0,74158.0,2697159.0,4409828.0,57461.0,9909368.0,17786.0,42775.0,4727628.0,23418.0,39364.0,16801.0,188511.0,1150606.0,17042722.0,2805.0,1050961.0,1638321.1333333333,103134605.0,170464.0,5692846.0,1033766.0,250873.0,12014.0,551904.0,11526806.0,703228.0,535.0,11945.0,342317.0,263642.0
2023-02-19,209107.0,334314.0,271425.0,47866.0,105184.0,11.0,9106.0,10042136.0,446332.0,1418462.25,5863481.0,828352.0,37491.0,704491.0,2037738.0,106434.0,994037.0,4708273.0,70721.0,27990.0,62611.0,1191892.0,401527.0,329595.0,36987682.0,277441.0,1296200.0,22056.0,633901.0,53609.0,63238.0,138708.0,123993.0,286950.125,15368.0,7661.0,5149301.0,144221.20588235295,6356468.0,8997.0,25073.0,1194584.0,1268595.0,1112548.0,647031.0,4601070.0,88109.0,95646.0,1149582.3333333333,712.0,15690.0,15760.0,660492.0,1056578.0,515698.0,201785.0,17214.0,10189.0,614548.0,499865.0,68876.0,1461583.0,3315581.9166666665,48981.0,12586.0,1822045.0,38002114.0,171160.0,5548487.0,19680.0,1234045.0,38267.0,8953.0,73052.0,34143.0,29.0,471557.0,2194102.0,208921.0,44686263.0,6734215.0,7566470.0,2465545.0,1702523.0,4794287.0,25547414.0,154065.0,33113074.0,1746997.0,1497449.0,342874.0,5012.0,272837.0,662858.0,206611.0,218009.0,975767.0,1230682.0,34790.0,8065.0,507170.0,21387.0,1301860.0,315778.0,9.0,346733.0,67852.0,88640.0,5041007.0,185723.0,32914.0,117248.0,15598.0,63667.0,295161.0,7429778.0,23671.0,600916.0,16104.0,1007895.0,287421.0,1272383.0,232819.0,1.0,171059.0,5121.0,1001133.0,1740482.2,738522.0,15627.0,9508.0,266463.0,1478634.0,399449.0,1576704.0,5988.0,1030658.0,46792.0,807453.0,4484651.0,4075524.0,6400331.0,5566708.0,493405.0,3331005.0,21855727.0,133170.0,30433895.0,6596.0,29882.0,9589.0,16594.0,23521.0,6280.0,828917.0,88910.0,2484855.0,50665.0,7760.0,2222006.0,2663604.0,1325505.0,24575.0,27324.0,4060349.0,18368.0,13755956.0,672021.0,63775.0,865.0,82227.0,74199.0,2697159.0,4409828.0,57461.0,9925158.0,17786.0,42775.0,4727831.0,23418.0,39364.0,16801.0,188511.0,1150606.0,17042722.0,2805.0,1051079.0,1638321.1333333333,103136077.0,170464.0,5693003.0,1033766.0,250873.0,12014.0,551911.0,11526810.0,703228.0,535.0,11945.0,342317.0,263642.0
2023-02-20,209153.0,334315.0,271426.0,47866.0,105184.0,11.0,9106.0,10043308.0,446332.0,1418462.25,5866420.0,828358.0,37491.0,704738.0,2037738.0,106434.0,994037.0,4708273.0,70740.0,27990.0,62611.0,1192204.0,401527.0,329662.0,36987682.0,277441.0,1296299.0,22056.0,633901.0,53609.0,63239.0,138708.0,124328.0,287070.5625,15368.0,7675.0,5150626.0,144221.20588235295,6356468.0,8997.0,25073.0,1194584.0,1268604.0,1112553.0,647031.0,4601177.0,88114.0,95646.0,1149685.0,712.0,15690.0,15760.0,660492.0,1056578.0,515698.0,201785.0,17222.0,10189.0,614548.0,499872.0,68876.0,1461583.0,3316259.6666666665,48981.0,12586.0,1822045.0,38018111.0,171160.0,5548487.0,19680.0,1234069.0,38267.0,8953.0,73052.0,34143.0,29.0,471557.0,2194102.0,208921.0,44686358.0,6734334.0,7566803.0,2465545.0,1702523.0,4794287.0,25547414.0,154065.0,33120094.0,1746997.0,1497449.0,342874.0,5012.0,272851.0,662858.0,206611.0,218012.0,975822.0,1231040.0,34790.0,8065.0,507171.0,21387.0,1301903.0,315778.0,9.0,346733.0,67852.0,88640.0,5041174.0,185729.0,32918.0,117248.0,15598.0,63667.0,295161.0,7429778.0,23671.0,600916.0,16108.0,1007895.0,287559.0,1272386.0,233098.0,1.0,171059.0,5247.0,1001135.0,1740482.2,738522.6666666666,15627.0,9508.0,266463.0,1478672.0,399449.0,1576736.0,5988.0,1030658.0,46792.0,807453.0,4484810.0,4075545.0,6400611.0,5566708.0,493490.0,3335131.0,21867696.0,133170.0,30445775.0,6596.0,29882.0,9589.0,16594.0,23521.0,6280.0,828983.0,88910.0,2485825.0,50665.0,7760.0,2222006.0,2663620.0,1325590.0,24575.0,27324.0,4061085.0,18368.0,13755956.0,672022.0,63775.0,865.0,82227.0,74199.0,2697159.0,4409828.0,57463.0,9937216.0,17786.0,42775.0,4727831.0,23418.0,39366.0,16801.0,188511.0,1150606.0,17042722.0,2805.0,1051162.0,1638321.1333333333,103138119.0,170478.0,5693110.0,1034046.0,250873.0,12014.0,551911.0,11526825.0,703228.0,535.0,11945.0,342724.0,263642.0
2023-02-21,209181.0,334336.0,271428.0,47866.0,105184.0,11.0,9106.0,10043308.0,446332.0,1418462.25,5871234.0,828395.0,37491.0,705135.0,2037738.0,106645.0,994037.0,4708273.0,70740.0,27990.0,62611.0,1192246.0,401527.0,329662.0,36987682.0,277441.0,1296380.0,22056.0,633901.0,53609.0,63239.0,138712.0,124328.0,287120.3125,15368.0,7675.0,5151881.0,144221.26470588235,6356468.0,8997.0,25073.0,1194584.0,1268666.0,1112553.0,647031.0,4602994.0,88114.0,95646.0,1149739.6666666667,712.0,15690.0,15760.0,660492.0,1056578.0,515698.0,201785.0,17222.0,10189.0,614848.0,499890.0,68876.0,1461583.0,3316740.8333333335,48981.0,12586.0,1822045.0,38043874.0,171160.0,5548487.0,19680.0,1234475.0,38267.0,8953.0,73062.0,34143.0,29.0,471557.0,2194102.0,208999.0,44686483.0,6734606.0,7567161.0,2465545.0,1702523.0,4795621.0,25547414.0,154065.0,33139504.0,1746997.0,1497449.0,342874.0,5012.0,272866.0,662858.0,206611.0,218012.0,975847.0,1231040.0,34790.0,8065.0,507171.0,21387.0,1302560.0,315778.0,9.0,346733.0,67852.0,88640.0,5041358.0,185729.0,32946.0,117338.0,15598.0,63667.0,295161.0,7430816.0,23671.0,603750.0,16108.0,1007895.0,287668.0,1272400.0,233098.0,1.0,171059.0,5247.0,1001135.0,1740881.4,738526.0,15627.0,9508.0,266463.0,1478719.0,399449.0,1576736.0,5988.0,1030658.0,46792.0,807453.0,4484903.0,4075611.0,6404036.0,5566708.0,493560.0,3335131.0,21878868.0,133170.0,30458857.0,6596.0,29882.0,9589.0,16594.0,23521.0,6281.0,829041.0,88910.0,2486920.0,50665.0,7760.0,2222006.0,2663896.0,1326046.0,24575.0,27324.0,4061085.0,18368.0,13755956.0,672023.0,63775.0,865.0,82227.0,74199.0,2697159.0,4411059.0,57463.0,9954456.0,17786.0,42775.0,4727831.0,23418.0,39367.0,16801.0,188737.0,1150793.0,17042722.0,2805.0,1051241.0,1638321.5333333334,103198669.0,170478.0,5693215.0,1034046.0,250873.0,12014.0,551928.0,11526834.0,703228.0,535.0,11945.0,342782.0,263642.0
2023-02-22,209181.0,334336.0,271431.0,47866.0,105205.0,11.0,9106.0,10043308.0,446819.0,1418462.25,5878713.0,828426.0,37491.0,705444.0,2037773.0,106645.0,994037.0,4708273.0,70740.0,27990.0,62615.0,1192283.0,401575.0,329662.0,36997328.0,277992.0,1296450.0,22056.0,633903.0,53609.0,63240.0,138713.0,124328.0,287190.125,15368.0,7675.0,5154016.0,144221.26470588235,6356468.0,8998.0,25077.0,1199055.0,1268666.0,1112561.0,647031.0,4604427.0,88138.0,95646.0,1149779.6666666667,712.0,15690.0,15760.0,660533.0,1056578.0,515698.0,201785.0,17229.0,10189.0,614852.0,499903.0,68876.0,1461583.0,3317124.3333333335,48981.0,12586.0,1825598.0,38068912.0,171167.0,5548487.0,19680.0,1234843.0,38267.0,8953.0,73062.0,34143.0,29.0,471557.0,2194969.0,208999.0,44686676.0,6734818.0,7567421.0,2465545.0,1703244.0,4795878.0,25547414.0,154065.0,33158158.0,1746997.0,1497449.0,342900.0,5013.0,272905.0,663456.0,206633.0,218014.0,975884.0,1231303.0,34790.0,8065.0,507171.0,21387.0,1303028.0,315945.0,9.0,346733.0,67852.0,88681.0,5041587.0,185729.0,32963.0,117338.0,15598.0,63667.0,295440.0,7435066.0,23671.0,603750.0,16108.0,1007896.0,287772.0,1272411.0,233098.0,1.0,171121.0,5247.0,1001137.0,1740881.4,738526.0,15627.0,9508.0,266463.0,1478767.0,399449.0,1576736.0,5988.0,1030658.0,46792.0,807453.0,4484769.0,4075757.0,6406799.0,5566708.0,493639.0,3335131.0,21892777.0,133170.0,30469702.0,6596.0,29882.0,9589.0,16607.0,23536.0,6281.0,829095.0,88917.0,2487935.0,50665.0,7760.0,2222006.0,2664186.0,1326369.0,24575.0,27324.0,4061085.0,18368.0,13755956.0,672024.0,63787.0,865.0,82227.0,74199.0,2697159.0,4411059.0,57463.0,9970937.0,17786.0,42823.0,4727831.0,23418.0,39367.0,16801.0,188737.0,1150793.0,17042722.0,2805.0,1051336.0,1638322.0666666667,103308832.0,170478.0,5693260.0,1034046.0,250932.0,12014.0,551940.0,11526858.0,703228.0,535.0,11945.0,342831.0,263921.0
2023-02-23,209215.0,334345.0,271432.0,47866.0,105205.0,11.0,9106.0,10043308.0,446819.0,1420674.5,5884691.0,828449.0,37491.0,705830.0,2037773.0,106645.0,994037.0,4717655.0,70740.0,27990.0,62615.0,1192358.0,401575.0,329662.0,37008944.0,277992.0,1296533.0,22056.0,633905.0,53609.0,63240.0,138713.0,124328.0,287458.375,15368.0,7675.0,5156519.0,144221.26470588235,6356468.0,8998.0,25077.0,1199055.0,1268666.0,1112567.0,647031.0,4605644.0,88138.0,95646.0,1149825.6666666667,712.0,15690.0,15760.0,660533.0,1056578.0,515698.0,201785.0,17229.0,10189.0,614852.0,499903.0,68876.0,1462169.0,3317498.4166666665,48981.0,12586.0,1825598.0,38090089.0,171167.0,5548487.0,19680.0,1235082.0,38267.0,8953.0,73062.0,34143.0,29.0,471557.0,2194969.0,208999.0,44686842.0,6735033.0,7567473.0,2465545.0,1703244.0,4796663.0,25547414.0,154065.0,33173351.0,1746997.0,1497449.0,342900.0,5013.0,272936.0,663456.0,206633.0,218014.0,975903.0,1231303.0,34790.0,8065.0,507171.0,21395.0,1303362.0,315945.0,9.0,346852.0,67852.0,88681.0,5041811.0,185729.0,32977.0,117338.0,15598.0,63667.0,295440.0,7443151.0,23671.0,603750.0,16108.0,1007896.0,287891.0,1272418.0,233098.0,1.0,171121.0,5247.0,1001138.0,1740881.4,738526.0,15627.0,9508.0,266463.0,1478817.0,399449.0,1576795.0,5988.0,1031014.0,46792.0,807453.0,4484769.0,4075812.0,6409609.0,5566708.0,493724.0,3335131.0,21907416.0,133170.0,30479753.0,6596.0,29882.0,9589.0,16607.0,23536.0,6281.0,829137.0,88917.0,2488870.0,50665.0,7760.0,2222006.0,2664397.0,1326746.0,24575.0,27324.0,4061085.0,18368.0,13755956.0,672025.0,63787.0,865.0,82227.0,74199.0,2697827.0,4411059.0,57463.0,9970937.0,17786.0,42823.0,4727831.0,23418.0,39367.0,16801.0,188737.0,1150793.0,17042722.0,2805.0,1051457.0,1640224.6666666667,103365511.0,170478.0,5693342.0,1034046.0,250932.0,12014.0,551954.0,11526870.0,703228.0,535.0,11945.0,342831.0,263921.0
2023-02-24,209230.0,334356.0,271436.0,47866.0,105205.0,11.0,9106.0,10043308.0,446819.0,1420795.125,5891036.0,828477.0,37491.0,706013.0,2037773.0,106645.0,994037.0,4717655.0,70740.0,27990.0,62615.0,1192514.0,401575.0,329662.0,37020531.0,277992.0,1296614.0,22056.0,633906.0,53609.0,63240.0,138714.0,124328.0,287504.0,15368.0,7675.0,5158953.0,144221.26470588235,6357173.0,8998.0,25077.0,1199055.0,1268666.0,1112572.0,649093.0,4606824.0,88158.0,95646.0,1149868.0,712.0,15690.0,15760.0,660533.0,1056578.0,515698.0,201785.0,17229.0,10189.0,614852.0,499948.0,68876.0,1462169.0,3317824.8333333335,48981.0,12586.0,1825598.0,38111063.0,171172.0,5548487.0,19680.0,1235447.0,38267.0,8953.0,73066.0,34143.0,29.0,471557.0,2194969.0,208999.0,44687025.0,6735269.0,7567560.0,2465545.0,1703244.0,4797226.0,25576852.0,154065.0,33179863.0,1746997.0,1497449.0,342900.0,5013.0,272965.0,663456.0,206633.0,218015.0,975928.0,1231456.0,34790.0,8065.0,507171.0,21395.0,1303681.0,315945.0,9.0,346852.0,67852.0,88681.0,5042015.0,185729.0,32989.0,117338.0,15598.0,63667.0,295440.0,7443151.0,23671.0,603750.0,16108.0,1007896.0,287987.0,1272435.0,233098.0,1.0,171121.0,5247.0,1001139.0,1741367.2,738526.0,15627.0,9508.0,266463.0,1478865.0,399449.0,1576795.0,5988.0,1031014.0,46792.0,808327.0,4485282.0,4076014.0,6412259.0,5566708.0,493724.0,3335131.0,21921113.0,133170.0,30489666.0,6596.0,29882.0,9589.0,16607.0,23536.0,6281.0,829185.0,88917.0,2489711.0,50665.0,7760.0,2222006.0,2664595.0,1327075.0,24575.0,27324.0,4061383.0,18368.0,13763336.0,672026.0,63787.0,865.0,82227.0,74199.0,2697827.0,4411059.0,57463.0,9970937.0,17786.0,42823.0,4727831.0,23418.0,39371.0,16801.0,188737.0,1150793.0,17042722.0,2805.0,1051589.0,1640224.8666666667,103378408.0,170478.0,5693474.0,1034046.0,250932.0,12014.0,551954.0,11526881.0,703228.0,535.0,11945.0,342831.0,263921.0
2023-02-25,209246.0,334373.0,271439.0,47866.0,105205.0,11.0,9106.0,10043308.0,446819.0,1420795.125,5897047.0,828492.0,37491.0,706250.0,2037773.0,106645.0,994037.0,4717655.0,70740.0,27990.0,62615.0,1192696.0,401575.0,329662.0,37020531.0,277992.0,1296642.0,22056.0,633907.0,53609.0,63240.0,138714.0,124328.0,287532.0625,15368.0,7675.0,5161209.0,144221.29411764705,6357173.0,8998.0,25077.0,1199055.0,1268666.0,1112578.0,649093.0,4607883.0,88182.0,95646.0,1149868.0,712.0,15690.0,15760.0,660533.0,1056578.0,515698.0,201785.0,17229.0,10189.0,614852.0,499959.0,68889.0,1462169.0,3317824.8333333335,48981.0,12586.0,1825598.0,38111063.0,171172.0,5548487.0,19680.0,1235918.0,38267.0,8953.0,73066.0,34143.0,29.0,471557.0,2194969.0,208999.0,44687243.0,6735451.0,7567619.0,2465545.0,1703244.0,4797557.0,25576852.0,154065.0,33194709.0,1746997.0,1497449.0,342900.0,5013.0,273002.0,663456.0,206633.0,218015.0,975928.0,1231577.0,34790.0,8065.0,507171.0,21395.0,1304023.0,315945.0,9.0,346852.0,67852.0,88681.0,5042188.0,185729.0,32997.0,117338.0,15598.0,63667.0,295440.0,7443151.0,23671.0,603750.0,16108.0,1007896.0,288088.0,1272442.0,233098.0,1.0,171121.0,5247.0,1001140.0,1741367.2,738526.0,15627.0,9508.0,266463.0,1478888.0,399449.0,1576795.0,5988.0,1031014.0,46792.0,808327.0,4485616.0,4076064.0,6414853.0,5566708.0,493724.0,3335131.0,21932062.0,133170.0,30489666.0,6596.0,29882.0,9589.0,16607.0,23536.0,6281.0,829228.0,88917.0,2490311.0,50665.0,7760.0,2222006.0,2664862.0,1327413.0,24575.0,27324.0,4061383.0,18368.0,13763336.0,672026.0,63787.0,865.0,82227.0,74199.0,2697827.0,4411059.0,57463.0,9970937.0,17786.0,42823.0,4727831.0,23418.0,39371.0,16801.0,188737.0,1150793.0,17042722.0,2805.0,1051732.0,1640224.8666666667,103381157.0,170478.0,5693596.0,1034046.0,250932.0,12014.0,551957.0,11526891.0,703228.0,535.0,11945.0,342831.0,263921.0
2023-02-26,209274.0,334378.0,271440.0,47866.0,105205.0,11.0,9106.0,10043308.0,446819.0,1420795.125,5901938.0,828512.0,37491.0,706250.0,2037773.0,106645.0,994037.0,4717655.0,70740.0,27990.0,62615.0,1192888.0,401575.0,329662.0,37020531.0,277992.0,1296668.0,22056.0,633911.0,53609.0,63240.0,138714.0,124328.0,287552.5,15368.0,7675.0,5163316.0,144221.29411764705,6357173.0,8998.0,25077.0,1199055.0,1268666.0,1112583.0,649093.0,4608022.0,88182.0,95646.0,1149868.0,712.0,15690.0,15760.0,660533.0,1056578.0,515698.0,201785.0,17229.0,10189.0,614852.0,499959.0,68889.0,1462169.0,3317824.8333333335,48981.0,12586.0,1825598.0,38111063.0,171172.0,5548487.0,19680.0,1235970.0,38267.0,8953.0,73066.0,34143.0,29.0,472116.0,2194969.0,208999.0,44687428.0,6735628.0,7567702.0,2465545.0,1703244.0,4798142.0,25576852.0,154065.0,33207108.0,1746997.0,1497449.0,342900.0,5013.0,273034.0,663456.0,206633.0,218015.0,975928.0,1231713.0,34790.0,8065.0,507171.0,21395.0,1304062.0,315945.0,9.0,346852.0,67865.0,88681.0,5042395.0,185729.0,32998.0,117338.0,15598.0,63667.0,295440.0,7450992.0,23671.0,603750.0,16108.0,1007896.0,288088.0,1272445.0,233098.0,1.0,171121.0,5247.0,1001140.0,1741367.2,741553.3333333334,15627.0,9508.0,266463.0,1478907.0,399449.0,1576938.0,5988.0,1031014.0,46792.0,808327.0,4485616.0,4076237.0,6415280.0,5566708.0,493936.0,3335131.0,21941582.0,133170.0,30502904.0,6596.0,29882.0,9589.0,16607.0,23536.0,6281.0,829287.0,88917.0,2490810.0,50665.0,7760.0,2222006.0,2664926.0,1327516.0,24575.0,27324.0,4061383.0,18368.0,13763336.0,672027.0,63787.0,865.0,82227.0,74199.0,2697827.0,4411059.0,57463.0,9970937.0,17786.0,42823.0,4728035.0,23418.0,39374.0,16801.0,188737.0,1150793.0,17042722.0,2805.0,1051862.0,1640224.8666666667,103382763.0,170478.0,5693650.0,1034046.0,250932.0,12014.0,551974.0,11526901.0,703228.0,535.0,11945.0,342831.0,263921.0
2023-02-27,209308.0,334380.0,271440.0,47866.0,105255.0,11.0,9106.0,10044125.0,446819.0,1420795.125,5905405.0,828512.0,37491.0,707105.0,2037773.0,106645.0,994037.0,4717655.0,70757.0,27990.0,62615.0,1192933.0,401575.0,329727.0,37038230.0,277992.0,1296773.0,22056.0,633914.0,53609.0,63243.0,138715.0,124392.0,287626.875,15368.0,7678.0,5164922.0,144221.29411764705,6357173.0,8998.0,25077.0,1199055.0,1268992.0,1112593.0,649093.0,4608120.0,88185.0,95646.0,1149951.3333333333,712.0,15690.0,15760.0,660533.0,1056578.0,515698.0,201785.0,17229.0,10189.0,614852.0,499974.0,68889.0,1462169.0,3318460.3333333335,48981.0,12586.0,1825598.0,38144033.0,171172.0,5548487.0,19680.0,1235996.0,38267.0,8953.0,73066.0,34143.0,29.0,472116.0,2194969.0,208999.0,44687597.0,6735780.0,7567824.0,2465545.0,1703244.0,4798645.0,25576852.0,154065.0,33212438.0,1746997.0,1498668.0,342912.0,5013.0,273046.0,663456.0,206633.0,218015.0,975977.0,1231840.0,34790.0,8077.0,507174.0,21413.0,1304114.0,315945.0,9.0,346852.0,67865.0,88681.0,5042585.0,185732.0,33002.0,117338.0,15598.0,63667.0,295440.0,7450992.0,23671.0,603750.0,16108.0,1007896.0,288197.0,1272446.0,233098.0,1.0,171121.0,5247.0,1001143.0,1741367.2,741553.3333333334,15627.0,9508.0,266593.0,1478979.0,399449.0,1576961.0,5988.0,1031273.0,46792.0,808327.0,4485753.0,4076237.0,6415711.0,5566708.0,494056.0,3340342.0,21951059.0,133180.0,30513721.0,6596.0,29882.0,9589.0,16607.0,23536.0,6281.0,829388.0,88917.0,2491704.0,50665.0,7760.0,2226397.0,2664972.0,1327597.0,24575.0,27324.0,4063237.0,18368.0,13763336.0,672029.0,63787.0,865.0,82227.0,74199.0,2697827.0,4411059.0,57467.0,9970937.0,17786.0,42823.0,4728035.0,23418.0,39377.0,16801.0,188737.0,1150793.0,17042722.0,2805.0,1051930.0,1640224.8666666667,103399827.0,170504.0,5693753.0,1034303.0,250932.0,12014.0,551974.0,11526905.0,703228.0,535.0,11945.0,342831.0,263921.0
2023-02-28,209322.0,334391.0,271441.0,47866.0,105255.0,11.0,9106.0,10044125.0,446819.0,1420795.125,5911294.0,828548.0,37491.0,707480.0,2037773.0,106645.0,994037.0,4717655.0,70757.0,27990.0,62615.0,1193009.0,401575.0,329727.0,37052936.0,277992.0,1296853.0,22056.0,633918.0,53609.0,63244.0,138717.0,124392.0,287675.375,15368.0,7678.0,5166328.0,144221.29411764705,6357173.0,8998.0,25077.0,1199055.0,1268992.0,1112598.0,649093.0,4609820.0,88197.0,95646.0,1149996.3333333333,712.0,15690.0,15760.0,660533.0,1056578.0,515698.0,201785.0,17229.0,10189.0,615119.0,499986.0,68889.0,1462169.0,3318931.25,48981.0,12586.0,1825598.0,38168908.0,171172.0,5548487.0,19680.0,1236406.0,38267.0,8953.0,73069.0,34143.0,29.0,472116.0,2194969.0,209093.0,44687837.0,6736046.0,7567906.0,2465545.0,1703244.0,4799274.0,25576852.0,154065.0,33227230.0,1746997.0,1498668.0,342912.0,5013.0,273059.0,663456.0,206633.0,218015.0,975999.0,1231840.0,34790.0,8077.0,507174.0,21421.0,1304750.0,315945.0,9.0,346852.0,67865.0,88681.0,5042791.0,185732.0,33018.0,117477.0,15598.0,63667.0,295440.0,7451429.0,23671.0,603750.0,16106.0,1007896.0,288280.0,1272454.0,233098.0,1.0,171156.0,5247.0,1001145.0,1741796.4,741553.3333333334,15627.0,9508.0,266593.0,1479032.0,399449.0,1576998.0,5988.0,1031273.0,46792.0,808327.0,4486034.0,4076307.0,6419480.0,5566708.0,494056.0,3340342.0,21960719.0,133180.0,30526012.0,6596.0,29882.0,9589.0,16607.0,23536.0,6281.0,829478.0,88917.0,2492563.0,50665.0,7760.0,2226397.0,2665303.0,1328222.0,24575.0,27324.0,4063573.0,18368.0,13763336.0,672030.0,63787.0,865.0,82227.0,74199.0,2697827.0,4412439.0,57467.0,9970937.0,17786.0,42823.0,4728035.0,23418.0,39377.0,16801.0,189296.0,1150962.0,17042722.0,2805.0,1051998.0,1640224.8666666667,103443455.0,170504.0,5693846.0,1034303.0,250932.0,12014.0,551981.0,11526917.0,703228.0,535.0,11945.0,343012.0,263921.0
2023-03-01,209340.0,334408.0,271448.0,47875.0,105277.0,11.0,9106.0,10044125.0,446819.0,1420795.125,5919616.0,828588.0,37491.0,707828.0,2037829.0,106645.0,994037.0,4717655.0,70757.0,27990.0,62620.0,1193256.0,401636.0,329727.0,37063464.0,278698.0,1296853.0,22056.0,633925.0,53631.0,63244.0,138717.0,124392.0,287737.1875,15368.0,7678.0,5169139.0,144221.29411764705,6358232.0,9001.0,25077.0,1204164.0,1268992.0,1112603.0,649093.0,4611001.0,88208.0,95749.0,1150033.6666666667,712.0,15690.0,15760.0,660705.0,1057121.0,515698.0,201785.0,17229.0,10189.0,615128.0,499986.0,68889.0,1462169.0,3319308.3333333335,48981.0,12586.0,1825598.0,38189954.0,171172.0,5548487.0,19680.0,1236778.0,38267.0,8960.0,73069.0,34143.0,29.0,472116.0,2195926.0,209093.0,44688105.0,6736298.0,7568903.0,2465545.0,1703850.0,4799631.0,25576852.0,154196.0,33241180.0,1746997.0,1498668.0,342919.0,5013.0,273108.0,663456.0,206673.0,218017.0,976031.0,1232063.0,34790.0,8090.0,507174.0,21421.0,1305163.0,316601.0,9.0,346852.0,67865.0,88702.0,5043008.0,185732.0,33034.0,117477.0,15618.0,63668.0,295440.0,7459860.0,23948.0,607450.0,16115.0,1007897.0,288361.0,1272459.0,233098.0,1.0,171156.0,5247.0,1001148.0,1741802.2,741554.0,15638.0,9508.0,266598.0,1479087.0,399449.0,1577030.0,5989.0,1031273.0,46809.0,808327.0,4486282.0,4076418.0,6422467.0,5568084.0,494271.0,3340342.0,21974098.0,133180.0,30533573.0,6596.0,30004.0,9589.0,16607.0,23583.0,6281.0,829554.0,88921.0,2492563.0,50665.0,7760.0,2230868.0,2665548.0,1328673.0,24575.0,27324.0,4063863.0,18368.0,13763336.0,672031.0,63809.0,865.0,82467.0,74199.0,2697827.0,4412439.0,57467.0,9970937.0,17786.0,42846.0,4728035.0,23418.0,39377.0,16807.0,189296.0,1150962.0,17042722.0,2805.0,1052122.0,1640230.0,103533872.0,170504.0,5701249.0,1034303.0,251071.0,12014.0,551986.0,11526926.0,703228.0,535.0,11945.0,343012.0,264127.0
2023-03-02,209358.0,334408.0,271463.0,47875.0,105277.0,11.0,9106.0,10044125.0,446819.0,1423112.625,5926148.0,828628.0,37491.0,708061.0,2037829.0,106645.0,994037.0,4727795.0,70757.0,27990.0,62620.0,1193418.0,401636.0,329727.0,37063464.0,278698.0,1296913.0,22056.0,633935.0,53631.0,63244.0,138719.0,124392.0,288028.5,15368.0,7678.0,5172090.0,144221.29411764705,6358232.0,9001.0,25077.0,1204164.0,1268992.0,1112609.0,649093.0,4611985.0,88208.0,95749.0,1150074.3333333333,712.0,15690.0,15760.0,660705.0,1057121.0,515698.0,201785.0,17229.0,10189.0,615128.0,500014.0,68897.0,1462976.0,3319658.0,48981.0,12586.0,1825598.0,38202571.0,171172.0,5548487.0,19680.0,1237086.0,38267.0,8960.0,73069.0,34143.0,29.0,472116.0,2195926.0,209093.0,44688388.0,6736576.0,7569261.0,2465545.0,1703850.0,4800388.0,25576852.0,154196.0,33252686.0,1746997.0,1498668.0,342919.0,5013.0,273143.0,663456.0,206673.0,218017.0,976051.0,1232063.0,34790.0,8090.0,507174.0,21421.0,1305543.0,316601.0,9.0,346852.0,67865.0,88702.0,5043252.0,185732.0,33045.0,117477.0,15618.0,63668.0,295440.0,7459860.0,23948.0,607450.0,16115.0,1007897.0,288423.0,1272471.0,233098.0,1.0,171156.0,5247.0,1001149.0,1741802.2,741554.0,15638.0,9508.0,266598.0,1479149.0,399449.0,1577072.0,5989.0,1031273.0,46809.0,808327.0,4484769.0,4076570.0,6425500.0,5568084.0,494377.0,3340342.0,21988110.0,133180.0,30543981.0,6596.0,30004.0,9589.0,16607.0,23583.0,6281.0,829624.0,88921.0,2494381.0,50665.0,7760.0,2230868.0,2665765.0,1329079.0,24575.0,27324.0,4064457.0,18368.0,13763336.0,672031.0,63809.0,865.0,82467.0,74199.0,2698535.0,4412439.0,57467.0,9970937.0,17786.0,42846.0,4728035.0,23418.0,39382.0,16807.0,189296.0,1150962.0,17042722.0,2805.0,1052247.0,1641988.6666666667,103589757.0,170504.0,5701333.0,1034303.0,251071.0,12014.0,551986.0,11526937.0,703228.0,535.0,11945.0,343079.0,264127.0
2023-03-03,209362.0,334427.0,271469.0,47875.0,105277.0,11.0,9106.0,10044125.0,446819.0,1423191.75,5931247.0,828648.0,37491.0,708532.0,2037829.0,106645.0,994037.0,4727795.0,70757.0,27990.0,62620.0,1193650.0,401636.0,329727.0,37081209.0,278698.0,1297006.0,22056.0,633935.0,53631.0,63244.0,138719.0,124392.0,288065.125,15368.0,7678.0,5174951.0,144221.29411764705,6358232.0,9001.0,25077.0,1204164.0,1268992.0,1112613.0,650685.0,4612903.0,88231.0,95749.0,1150112.0,712.0,15690.0,15760.0,660705.0,1057121.0,515698.0,201785.0,17229.0,10189.0,615128.0,500031.0,68897.0,1462976.0,3319924.1666666665,48981.0,12586.0,1825598.0,38210850.0,171172.0,5548487.0,19680.0,1237335.0,38267.0,8960.0,73075.0,34143.0,29.0,472219.0,2195926.0,209093.0,44688722.0,6736787.0,7569483.0,2465545.0,1703850.0,4800904.0,25603510.0,154196.0,33263208.0,1746997.0,1498668.0,342919.0,5013.0,273176.0,663456.0,206673.0,218019.0,976095.0,1232301.0,34790.0,8090.0,507174.0,21426.0,1305902.0,316601.0,9.0,346852.0,67865.0,88702.0,5043456.0,185732.0,33051.0,117477.0,15618.0,63668.0,295440.0,7459860.0,23948.0,607450.0,16115.0,1007897.0,288490.0,1272477.0,233098.0,1.0,171156.0,5247.0,1001149.0,1742179.4,741557.3333333334,15638.0,9508.0,266598.0,1479208.0,399449.0,1577072.0,5989.0,1031273.0,46809.0,808401.0,4486665.0,4076704.0,6428783.0,5568084.0,494377.0,3340342.0,22002485.0,133180.0,30555102.0,6597.0,30004.0,9589.0,16607.0,23583.0,6281.0,829624.0,88921.0,2495185.0,50665.0,7760.0,2230868.0,2666004.0,1329386.0,24575.0,27324.0,4064889.0,18368.0,13770429.0,672032.0,63809.0,865.0,82467.0,74199.0,2698535.0,4412439.0,57467.0,9970937.0,17786.0,42846.0,4728035.0,23418.0,39382.0,16807.0,189296.0,1150962.0,17042722.0,2805.0,1052382.0,1641989.3333333333,103648690.0,170504.0,5701474.0,1034303.0,251071.0,12014.0,552014.0,11526950.0,703228.0,535.0,11945.0,343079.0,264127.0
2023-03-04,209369.0,334427.0,271469.0,47875.0,105277.0,11.0,9106.0,10044125.0,446819.0,1423191.75,5936666.0,828682.0,37491.0,708768.0,2037829.0,106645.0,994037.0,4727795.0,70757.0,27990.0,62620.0,1193815.0,401636.0,329727.0,37081209.0,278698.0,1297037.0,22056.0,633945.0,53631.0,63244.0,138719.0,124392.0,288091.125,15368.0,7678.0,5177770.0,144221.29411764705,6358232.0,9001.0,25077.0,1204164.0,1268992.0,1112622.0,650685.0,4613882.0,88240.0,95749.0,1150112.0,712.0,15690.0,15760.0,660705.0,1057121.0,515698.0,201785.0,17229.0,10189.0,615128.0,500039.0,68897.0,1462976.0,3319924.1666666665,48981.0,12586.0,1825598.0,38210850.0,171172.0,5548487.0,19680.0,1237550.0,38267.0,8960.0,73075.0,34202.0,29.0,472219.0,2195926.0,209093.0,44689046.0,6736994.0,7569769.0,2465545.0,1703850.0,4801221.0,25603510.0,154196.0,33273639.0,1746997.0,1498668.0,342919.0,5013.0,273202.0,663456.0,206673.0,218020.0,976095.0,1232301.0,34790.0,8090.0,507174.0,21426.0,1306273.0,316601.0,9.0,346852.0,67865.0,88702.0,5043626.0,185732.0,33051.0,117477.0,15618.0,63668.0,295440.0,7470128.0,23948.0,607450.0,16115.0,1007897.0,288552.0,1272486.0,233098.0,1.0,171156.0,5247.0,1001149.0,1742179.4,741557.3333333334,15638.0,9508.0,266598.0,1479235.0,399449.0,1577072.0,5989.0,1031273.0,46809.0,808401.0,4486832.0,4076866.0,6431888.0,5568084.0,494377.0,3340342.0,22016406.0,133180.0,30555102.0,6597.0,30004.0,9589.0,16607.0,23583.0,6281.0,829730.0,88921.0,2495808.0,50665.0,7760.0,2230868.0,2666342.0,1329775.0,24575.0,27324.0,4064889.0,18368.0,13770429.0,672032.0,63809.0,865.0,82467.0,74199.0,2698535.0,4412439.0,57467.0,9970937.0,17786.0,42846.0,4728035.0,23418.0,39390.0,16807.0,189296.0,1150962.0,17042722.0,2805.0,1052519.0,1641989.3333333333,103650837.0,170504.0,5701602.0,1034303.0,251071.0,12014.0,552051.0,11526962.0,703228.0,535.0,11945.0,343079.0,264127.0
2023-03-05,209390.0,334427.0,271477.0,47875.0,105277.0,11.0,9106.0,10044125.0,446819.0,1423191.75,5940935.0,828721.0,37491.0,709230.0,2037829.0,106645.0,994037.0,4727795.0,70757.0,27990.0,62620.0,1193908.0,401636.0,329727.0,37081209.0,278698.0,1297062.0,22056.0,633946.0,53631.0,63244.0,138719.0,124392.0,288109.4375,15368.0,7678.0,5180329.0,144221.29411764705,6358232.0,9001.0,25077.0,1204164.0,1268992.0,1112625.0,650685.0,4614022.0,88240.0,95749.0,1150112.0,712.0,15690.0,15760.0,660705.0,1057121.0,515698.0,201785.0,17229.0,10189.0,615128.0,500050.0,68897.0,1462976.0,3319924.1666666665,48981.0,12586.0,1825598.0,38210851.0,171209.0,5548487.0,19680.0,1237564.0,38267.0,8960.0,73075.0,34202.0,29.0,472219.0,2195926.0,209093.0,44689327.0,6737159.0,7570232.0,2465545.0,1703850.0,4801502.0,25603510.0,154196.0,33282370.0,1746997.0,1498668.0,342919.0,5013.0,273223.0,663456.0,206673.0,218020.0,976095.0,1232517.0,34790.0,8090.0,507174.0,21426.0,1306327.0,316601.0,9.0,346852.0,67889.0,88702.0,5043790.0,185732.0,33053.0,117477.0,15618.0,63668.0,295440.0,7470653.0,23948.0,607450.0,16115.0,1007897.0,288552.0,1272487.0,233098.0,1.0,171156.0,5247.0,1001149.0,1742179.4,745370.3333333334,15638.0,9508.0,266598.0,1479259.0,399449.0,1577213.0,5989.0,1031273.0,46809.0,808401.0,4486832.0,4077002.0,6432315.0,5568084.0,494522.0,3340342.0,22029824.0,133180.0,30569215.0,6597.0,30004.0,9589.0,16607.0,23583.0,6281.0,829784.0,88921.0,2496295.0,50665.0,7760.0,2230868.0,2666373.0,1329877.0,24575.0,27324.0,4064889.0,18368.0,13770429.0,672034.0,63809.0,865.0,82467.0,74267.0,2698535.0,4412439.0,57467.0,9970937.0,17786.0,42846.0,4728182.0,23418.0,39394.0,16807.0,189296.0,1150962.0,17042722.0,2805.0,1052664.0,1641989.3333333333,103646975.0,170504.0,5701743.0,1034303.0,251071.0,12014.0,552051.0,11526966.0,703228.0,535.0,11945.0,343135.0,264127.0
2023-03-06,209406.0,334427.0,271477.0,47875.0,105277.0,11.0,9106.0,10044957.0,446819.0,1423191.75,5943417.0,828730.0,37491.0,709230.0,2037829.0,106645.0,994037.0,4727795.0,70757.0,27990.0,62620.0,1193970.0,401636.0,329727.0,37076053.0,278698.0,1297243.0,22056.0,633947.0,53631.0,63244.0,138719.0,124392.0,288214.25,15368.0,7678.0,5182360.0,144221.29411764705,6358232.0,9001.0,25077.0,1204164.0,1269326.0,1112631.0,650685.0,4614143.0,88246.0,95749.0,1150195.6666666667,712.0,15690.0,15760.0,660705.0,1057121.0,515698.0,201785.0,17229.0,10189.0,615128.0,500060.0,68897.0,1462976.0,3320603.0,48981.0,12586.0,1825598.0,38210851.0,171209.0,5548487.0,19680.0,1237575.0,38267.0,8960.0,73075.0,34202.0,29.0,472250.0,2195926.0,209093.0,44689593.0,6737303.0,7570743.0,2465545.0,1703850.0,4801502.0,25603510.0,154196.0,33286633.0,1746997.0,1498668.0,342919.0,5013.0,273224.0,663456.0,206673.0,218020.0,976162.0,1232517.0,34790.0,8090.0,507187.0,21426.0,1306368.0,316601.0,9.0,346852.0,67889.0,88702.0,5043978.0,185738.0,33056.0,117477.0,15618.0,63668.0,295440.0,7470653.0,23948.0,607450.0,16121.0,1007897.0,288630.0,1272490.0,233098.0,1.0,171156.0,5247.0,1001149.0,1742179.4,745371.0,15638.0,9508.0,266598.0,1479334.0,399449.0,1577243.0,5989.0,1031731.0,46809.0,808401.0,4486934.0,4077109.0,6432765.0,5568084.0,494737.0,3346046.0,22040875.0,133180.0,30581499.0,6597.0,30004.0,9589.0,16607.0,23583.0,6281.0,829882.0,88921.0,2497248.0,50665.0,7760.0,2230868.0,2666427.0,1329975.0,24575.0,27324.0,4065857.0,18368.0,13770429.0,672034.0,63809.0,865.0,82467.0,74267.0,2698535.0,4412439.0,57467.0,9970937.0,17786.0,42846.0,4728182.0,23418.0,39394.0,16807.0,189296.0,1150962.0,17042722.0,2805.0,1052664.0,1641989.3333333333,103655539.0,170504.0,5701855.0,1034303.0,251071.0,12014.0,552125.0,11526966.0,703228.0,535.0,11945.0,343135.0,264127.0
2023-03-07,209436.0,334427.0,271490.0,47875.0,105277.0,11.0,9106.0,10044957.0,446819.0,1423191.75,5949418.0,828783.0,37491.0,709858.0,2037829.0,106645.0,994037.0,4727795.0,70757.0,27999.0,62620.0,1194069.0,401636.0,329758.0,37076053.0,278698.0,1297358.0,22056.0,633949.0,53631.0,63244.0,138719.0,124392.0,288263.6875,15368.0,7679.0,5184582.0,144221.29411764705,6358232.0,9001.0,25077.0,1204164.0,1269326.0,1112631.0,650685.0,4615945.0,88255.0,95749.0,1150252.3333333333,712.0,15690.0,15760.0,660705.0,1057121.0,515698.0,201785.0,17229.0,10189.0,615423.0,500085.0,68897.0,1462976.0,3321191.5833333335,48981.0,12598.0,1825598.0,38231610.0,171229.0,5548487.0,19680.0,1237789.0,38267.0,8960.0,73075.0,34202.0,29.0,472250.0,2195926.0,209137.0,44689919.0,6737606.0,7571352.0,2465545.0,1703850.0,4801502.0,25603510.0,154196.0,33298799.0,1746997.0,1498668.0,342932.0,5013.0,273257.0,663456.0,206673.0,218020.0,976188.0,1232517.0,34790.0,8090.0,507187.0,21426.0,1307021.0,316601.0,9.0,346852.0,67889.0,88702.0,5044204.0,185738.0,33059.0,117610.0,15618.0,63668.0,295440.0,7475219.0,23948.0,607450.0,16121.0,1007897.0,288682.0,1272490.0,233214.0,1.0,171156.0,5247.0,1001149.0,1742567.0,745371.0,15638.0,9508.0,266598.0,1479392.0,399449.0,1577288.0,5989.0,1031731.0,46809.0,808401.0,4486934.0,4077183.0,6437598.0,5568084.0,494868.0,3346046.0,22051220.0,133180.0,30594297.0,6597.0,30004.0,9589.0,16607.0,23616.0,6281.0,829955.0,88921.0,2498315.0,50665.0,7760.0,2230868.0,2666915.0,1330654.0,24575.0,27324.0,4066044.0,18368.0,13770429.0,672036.0,63809.0,865.0,82467.0,74267.0,2698535.0,4413911.0,57467.0,9970937.0,17786.0,42846.0,4728182.0,23418.0,39394.0,16807.0,189918.0,1151126.0,17042722.0,2805.0,1052926.0,1641989.7333333334,103690910.0,170504.0,5701959.0,1034303.0,251071.0,12014.0,552157.0,11526986.0,703228.0,535.0,11945.0,343135.0,264127.0
2023-03-08,209451.0,334443.0,271494.0,47890.0,105288.0,11.0,9106.0,10044957.0,447308.0,1423191.75,5955860.0,828819.0,37491.0,710306.0,2037871.0,106645.0,994037.0,4727795.0,70757.0,27999.0,62627.0,1194187.0,401729.0,329758.0,37076053.0,279661.0,1297451.0,22056.0,633949.0,53631.0,63244.0,138719.0,124392.0,288315.875,15368.0,7679.0,5188380.0,144221.29411764705,6359093.0,9008.0,25087.0,1209725.0,1269326.0,1112637.0,650685.0,4617114.0,88255.0,95749.0,1150299.0,712.0,15690.0,15760.0,660790.0,1057121.0,515759.0,201785.0,17229.0,10189.0,615433.0,500102.0,68897.0,1462976.0,3321700.8333333335,48981.0,12598.0,1827537.0,38241231.0,171229.0,5548487.0,19680.0,1238049.0,38267.0,8960.0,73075.0,34202.0,29.0,472250.0,2196804.0,209137.0,44690298.0,6737918.0,7571996.0,2465545.0,1704502.0,4803164.0,25603510.0,154287.0,33310604.0,1746997.0,1498668.0,342937.0,5014.0,273291.0,663860.0,206708.0,218023.0,976228.0,1232649.0,34790.0,8090.0,507187.0,21432.0,1307448.0,317367.0,9.0,346852.0,67889.0,88707.0,5044439.0,185738.0,33061.0,117610.0,15649.0,63668.0,296042.0,7479635.0,23948.0,611140.0,16121.0,1007900.0,288752.0,1272490.0,233214.0,1.0,171156.0,5247.0,1001150.0,1742567.0,745371.0,15655.0,9508.0,266598.0,1479453.0,399449.0,1577338.0,5991.0,1031731.0,46825.0,808401.0,4487553.0,4077302.0,6441501.0,5570473.0,494982.0,3346046.0,22063473.0,133194.0,30605187.0,6597.0,30004.0,9589.0,16607.0,23616.0,6281.0,830044.0,88926.0,2499269.0,50665.0,7760.0,2235294.0,2667289.0,1331196.0,24575.0,27324.0,4066641.0,18368.0,13770429.0,672037.0,63829.0,865.0,82467.0,74267.0,2698535.0,4413911.0,57467.0,9970937.0,17786.0,42906.0,4728182.0,23419.0,39396.0,16810.0,189918.0,1151126.0,17042722.0,2805.0,1053068.0,1641994.8,103755771.0,170544.0,5711818.0,1034303.0,251247.0,12014.0,552157.0,11526994.0,703228.0,535.0,11945.0,343135.0,264276.0
2023-03-09,209451.0,334457.0,271496.0,47890.0,105288.0,11.0,9106.0,10044957.0,447308.0,1424932.5,5961143.0,828825.0,37491.0,710693.0,2037871.0,106798.0,994037.0,4739365.0,70757.0,27999.0,62627.0,1194277.0,401729.0,329758.0,37076053.0,279661.0,1297523.0,22056.0,633950.0,53631.0,63244.0,138719.0,124392.0,288568.4375,15368.0,7679.0,5192286.0,144221.29411764705,6359093.0,9008.0,25087.0,1209725.0,1269326.0,1112643.0,650685.0,4618256.0,88263.0,95749.0,1150345.3333333333,712.0,15690.0,15760.0,660790.0,1057121.0,515759.0,201785.0,17229.0,10189.0,615433.0,500116.0,68898.0,1463644.0,3322226.5,48981.0,12598.0,1827537.0,38249060.0,171229.0,5548487.0,19680.0,1238247.0,38267.0,8960.0,73075.0,34202.0,29.0,472250.0,2196804.0,209137.0,44690738.0,6738225.0,7572311.0,2465545.0,1704502.0,4803824.0,25603510.0,154416.0,33320438.0,1746997.0,1498668.0,342937.0,5014.0,273312.0,663860.0,206708.0,218023.0,976255.0,1232828.0,34790.0,8090.0,507187.0,21432.0,1307448.0,317367.0,9.0,346852.0,67889.0,88707.0,5044718.0,185738.0,33062.0,117610.0,15649.0,63668.0,296042.0,7483444.0,23948.0,611140.0,16121.0,1007900.0,288808.0,1272490.0,233214.0,1.0,171156.0,5247.0,1001154.0,1742567.0,745371.3333333334,15655.0,9508.0,266598.0,1479506.0,399449.0,1577411.0,5991.0,1031731.0,46825.0,808401.0,4487553.0,4077452.0,6444960.0,5570473.0,495090.0,3346046.0,22075858.0,133194.0,30615522.0,6597.0,30004.0,9589.0,16607.0,23616.0,6281.0,830127.0,88926.0,2500142.0,50665.0,7760.0,2235294.0,2667551.0,1331707.0,24575.0,27324.0,4067067.0,18368.0,13770429.0,672039.0,63829.0,865.0,82467.0,74267.0,2699339.0,4413911.0,57467.0,9970937.0,17786.0,42906.0,4728182.0,23419.0,39396.0,16810.0,189918.0,1151126.0,17042722.0,2805.0,1053213.0,1643913.6666666667,103802702.0,170544.0,5711929.0,1034303.0,251247.0,12014.0,552162.0,11526994.0,703228.0,535.0,11945.0,343135.0,264276.0
